[
  {
    "id": "98bdc525-ce37-46d6-b2c1-0c78dfd805f2",
    "data": [
      {
        "text": "Hi, I want to order . a pizza",
        "userDefined": false
      }
    ],
    "isTemplate": false,
    "count": 0,
    "updated": 1543417828
  },
  {
    "id": "5debc39f-cc26-4fd8-80f1-c206ac623268",
    "data": [
      {
        "text": "Hi, a pizza please",
        "userDefined": false
      }
    ],
    "isTemplate": false,
    "count": 0,
    "updated": 1543417828
  },
  {
    "id": "bd76bdf6-b540-4847-9210-f9a6b791d82e",
    "data": [
      {
        "text": "A pizza please",
        "userDefined": false
      }
    ],
    "isTemplate": false,
    "count": 0,
    "updated": 1543417828
  },
  {
    "id": "c166de29-abeb-482a-a1bd-2bcc53c04cf5",
    "data": [
      {
        "text": "Send me a pizza",
        "userDefined": false
      }
    ],
    "isTemplate": false,
    "count": 0,
    "updated": 1543417828
  },
  {
    "id": "92b4ac2f-29b5-4543-bcdf-5c941c23a338",
    "data": [
      {
        "text": "I want a pizza",
        "userDefined": false
      }
    ],
    "isTemplate": false,
    "count": 0,
    "updated": 1543417828
  },
  {
    "id": "8d6ef039-bbe7-44b4-9a1b-36dbcab8e0df",
    "data": [
      {
        "text": "just going to say hi",
        "userDefined": false
      }
    ],
    "isTemplate": false,
    "count": 0,
    "updated": 0
  },
  {
    "id": "7dd0e1ce-235b-4719-8ee4-150a885a8453",
    "data": [
      {
        "text": "heya",
        "userDefined": false
      }
    ],
    "isTemplate": false,
    "count": 0,
    "updated": 0
  },
  {
    "id": "8f02091e-7dff-4e19-a427-feb43e77d8a6",
    "data": [
      {
        "text": "hello hi",
        "userDefined": false
      }
    ],
    "isTemplate": false,
    "count": 0,
    "updated": 0
  },
  {
    "id": "da2fd056-c66f-4a20-8f96-98a372578aea",
    "data": [
      {
        "text": "howdy",
        "userDefined": false
      }
    ],
    "isTemplate": false,
    "count": 0,
    "updated": 0
  },
  {
    "id": "15735e38-6ca8-4142-9ea2-e739cf201187",
    "data": [
      {
        "text": "hey there",
        "userDefined": false
      }
    ],
    "isTemplate": false,
    "count": 0,
    "updated": 0
  },
  {
    "id": "5a13abbb-a939-4e2c-af86-fb624ed123d2",
    "data": [
      {
        "text": "hi there",
        "userDefined": false
      }
    ],
    "isTemplate": false,
    "count": 1,
    "updated": 0
  },
  {
    "id": "d75ba416-3036-43e9-83ec-8cd304108fd1",
    "data": [
      {
        "text": "greetings",
        "userDefined": false
      }
    ],
    "isTemplate": false,
    "count": 0,
    "updated": 0
  },
  {
    "id": "49c65331-c4c5-4bd3-a776-2dfac39a3919",
    "data": [
      {
        "text": "hey",
        "userDefined": false
      }
    ],
    "isTemplate": false,
    "count": 0,
    "updated": 0
  },
  {
    "id": "c58aeff4-6f74-463d-9626-9582013b2cfb",
    "data": [
      {
        "text": "long time no see",
        "userDefined": false
      }
    ],
    "isTemplate": false,
    "count": 0,
    "updated": 0
  },
  {
    "id": "d5ea7a6e-2dec-4f7b-9a98-f934feb53f48",
    "data": [
      {
        "text": "hello",
        "userDefined": false
      }
    ],
    "isTemplate": false,
    "count": 0,
    "updated": 0
  },
  {
    "id": "8283c179-47d8-4b87-9fd6-3b443b189a6f",
    "data": [
      {
        "text": "lovely day isn\u0027t it",
        "userDefined": false
      }
    ],
    "isTemplate": false,
    "count": 0,
    "updated": 0
  },
  {
    "id": "da4dbfa2-7e4a-4632-97f0-ba5c38033965",
    "data": [
      {
        "text": "I greet you",
        "userDefined": false
      }
    ],
    "isTemplate": false,
    "count": 0,
    "updated": 0
  },
  {
    "id": "bc8481ab-ba80-49f3-87d6-69a6a4e76401",
    "data": [
      {
        "text": "hello again",
        "userDefined": false
      }
    ],
    "isTemplate": false,
    "count": 0,
    "updated": 0
  },
  {
    "id": "14cab6f6-69e9-4672-9335-c1fcf9636fea",
    "data": [
      {
        "text": "hi",
        "userDefined": false
      }
    ],
    "isTemplate": false,
    "count": 0,
    "updated": 0
  },
  {
    "id": "80036a6c-f5a2-4df5-a603-8aad468218a2",
    "data": [
      {
        "text": "hello there",
        "userDefined": false
      }
    ],
    "isTemplate": false,
    "count": 0,
    "updated": 0
  },
  {
    "id": "55ce21cd-8b35-46af-9fa9-1aea03b0e652",
    "data": [
      {
        "text": "a good day",
        "userDefined": false
      }
    ],
    "isTemplate": false,
    "count": 0,
    "updated": 0
  }
]