[
  {
    "id": "6b902517-7641-4431-a6bb-47a38ae4fa61",
    "data": [
      {
        "text": "Chocolate",
        "alias": "flavor",
        "meta": "@flavor",
        "userDefined": false
      },
      {
        "text": " pizza",
        "userDefined": false
      }
    ],
    "isTemplate": false,
    "count": 0,
    "updated": 1543609088
  },
  {
    "id": "4034dc26-fad5-4828-8d05-e647c624054a",
    "data": [
      {
        "text": "I would like to order a ",
        "userDefined": false
      },
      {
        "text": "chocolate",
        "alias": "flavor",
        "meta": "@flavor",
        "userDefined": false
      },
      {
        "text": " pizza",
        "userDefined": false
      }
    ],
    "isTemplate": false,
    "count": 0,
    "updated": 1543609088
  },
  {
    "id": "77e7d9ac-47fb-4e63-a274-5b1193c0d9c6",
    "data": [
      {
        "text": "ipanema chocolate",
        "userDefined": false
      }
    ],
    "isTemplate": false,
    "count": 0,
    "updated": 1543515278
  },
  {
    "id": "e741926e-daec-47eb-be8c-7cbe827d78cd",
    "data": [
      {
        "text": "Chocolate",
        "alias": "flavor",
        "meta": "@flavor",
        "userDefined": true
      },
      {
        "text": " please, and send it to ",
        "userDefined": false
      },
      {
        "text": "Ipanema",
        "alias": "address",
        "meta": "@address",
        "userDefined": true
      }
    ],
    "isTemplate": false,
    "count": 0,
    "updated": 1543425986
  },
  {
    "id": "d8285166-f2f8-41f0-92ef-9b10d399a892",
    "data": [
      {
        "text": "Please, send a ",
        "userDefined": false
      },
      {
        "text": "gourmet",
        "alias": "flavor",
        "meta": "@flavor",
        "userDefined": true
      },
      {
        "text": " pizza to ",
        "userDefined": false
      },
      {
        "text": "cocapabana",
        "alias": "address",
        "meta": "@address",
        "userDefined": true
      }
    ],
    "isTemplate": false,
    "count": 0,
    "updated": 1543425986
  },
  {
    "id": "6ca66536-9693-4751-89e0-4e9d1cdebe88",
    "data": [
      {
        "text": "I want a ",
        "userDefined": false
      },
      {
        "text": "pepperoni",
        "alias": "flavor",
        "meta": "@flavor",
        "userDefined": true
      },
      {
        "text": " at ",
        "userDefined": false
      },
      {
        "text": "copacabana",
        "alias": "address",
        "meta": "@address",
        "userDefined": true
      },
      {
        "text": " please",
        "userDefined": false
      }
    ],
    "isTemplate": false,
    "count": 0,
    "updated": 1543425986
  },
  {
    "id": "3093e33a-492c-4e57-b47f-e46a97dbb951",
    "data": [
      {
        "text": "I want ",
        "userDefined": false
      },
      {
        "text": "gourmet",
        "alias": "flavor",
        "meta": "@flavor",
        "userDefined": true
      },
      {
        "text": ", to ",
        "userDefined": false
      },
      {
        "text": "ipanema",
        "alias": "address",
        "meta": "@address",
        "userDefined": true
      }
    ],
    "isTemplate": false,
    "count": 0,
    "updated": 1543425986
  },
  {
    "id": "dc803565-84fa-47e6-92e6-37a5aed94941",
    "data": [
      {
        "text": "I want ",
        "userDefined": false
      },
      {
        "text": "chocolate",
        "alias": "flavor",
        "meta": "@flavor",
        "userDefined": true
      }
    ],
    "isTemplate": false,
    "count": 0,
    "updated": 1543425986
  },
  {
    "id": "6e5819a4-363a-4e87-adab-c67abc2ac19d",
    "data": [
      {
        "text": "Chocolate",
        "alias": "flavor",
        "meta": "@flavor",
        "userDefined": true
      },
      {
        "text": " please",
        "userDefined": false
      }
    ],
    "isTemplate": false,
    "count": 0,
    "updated": 1543425986
  }
]